Workbook

Sheet Matriz Ckeck LIst
C3: MATRIZ PARA COMPROBACIÓN REQUERIMIENTOS DE CALIDAD DE PROYECTO ACADEMICO
D5: SISTEMA: | E5: Sistema Web “Sacha Amazonic Products”
F6: Requerimientos Funcionales
B7: Nº | C7: CRITERIOS DE CALIDAD (Documento/Requerimientos) | E7: Status Nivel de Acuerdo | F7: CUC-01: Buscar Producto | G7: Status Nivel de Acuerdo | H7: 100 | I7: CUC-02: Visualizar Producto | J7: Status Nivel de Acuerdo | K7: CUC-03: Registrarse
H8: 0
B9: 1 | C9: Agreed | E9: NOK | F9: 1. Videoconferencia de la entrevista 2. Minuto de la entrevista 3. Aceptación por videoconferencia | G9: NOK | H9: 1 | I9: 1. Videoconferencia de la entrevista 2. Minuta de la entrevista 3. Aceptación del prototipo no funcional mediante videoconferencia | J9: NOK | K9: 1. Videoconferencia de la entrevista 2. Minuta de la entrevista 3. Aceptación del prototipo no funcional mediante videoconferencia
B10: 2 | C10: Ranked | E10: NOK | F10: 1. En la descripción del caso de Uso se especifica la prioridad Alta | G10: NOK | I10: 1. En la descripción del caso de Uso se especifica la prioridad Alta | J10: NOK | K10: 1. En la descripción del caso de Uso se especifica la prioridad Alta
B11: 3 | C11: Unambiguos | E11: OK | F11: 1. Redacción en lenguaje claro. 2. El tutor y el equipo interpretan de igual manera el caso de uso | G11: OK | I11: 1. Redacción en lenguaje claro. 2. El tutor y el equipo interpretan de igual manera el caso de uso | J11: OK | K11: 1. Redacción en lenguaje claro. 2. El tutor y el equipo interpretan de igual manera el caso de uso
B12: 4 | C12: Valid and up-to date | E12: OK | F12: 1. Toda nueva información ha sido incorporada, se han incorporado los últimos cambios pedidos luego del feedback realizado por el cliente | G12: OK | I12: 1. No se han incorporado los últimos cambios pedidos luego del feedback realizado por el cliente | J12: OK | K12: 1. No se han incorporado los últimos cambios cambios tras el feedback realizado por el cliente
B13: 5 | C13: Correct | E13: OK | F13: 1. Está alineado con los objetivos del sistema. 2. Refleja lo que realmente necesita el cliente. | G13: OK | I13: 1. Está alineado con los objetivos del sistema. 2. Refleja lo que realmente necesita el cliente. | J13: OK | K13: 1. Está alineado con los objetivos del sistema. 2. Refleja lo que realmente necesita el cliente.
B14: 6 | C14: Consisten | E14: NOK | F14: 1. Documentación basada en modelos: Diagrama de Casos de Uso 2. Usa términos definidos previamente. | G14: NOK | I14: 1. Documentación basada en modelos: Diagrama de Casos de Uso 2. Usa términos definidos previamente. 3. Palabras repetitivas. | J14: NOK | K14: 1. Documentación basada en modelos: Diagrama de Casos de Uso 2. Usa términos definidos previamente. 3. Palabras repetitivas.
B15: 7 | C15: Verifiable | E15: NOK | F15: 1. Requisito Medible 2. Falta Casos de Prueba | G15: NOK | I15: 1. Requisito Medible 2. Falta Casos de Prueba | J15: NOK | K15: 1. Requisito Medible 2. Falta Casos de Prueba
B16: 8 | C16: Realizable | E16: NOK | F16: 1. Funcionalidad tomada en cuenta dentro de la estimación del costo del proyecto (900$) 2. No se ha desarrollado | G16: NOK | I16: 1. Funcionalidad tomada en cuenta dentro de la estimación del costo del proyecto (900$) 2. No se ha desarrollado | J16: NOK | K16: 1. Funcionalidad tomada en cuenta dentro de la estimación del costo del proyecto (900$) 2. No se ha desarrollado
B17: 9 | C17: Traceable | E17: OK | F17: 1. Es claro el origen del requisito y sus relaciones con otros requisitos (matriz de trazabilidad cliente/casos de uso y casos de uso/casos de uso) 2. Cuenta con un identificador único | G17: OK | I17: 1. Es claro el origen del requisito y sus relaciones con otros requisitos (matriz de trazabilidad cliente/casos de uso y casos de uso/casos de uso) 2. Cuenta con un identificador único | J17: OK | K17: 1. Es claro el origen del requisito y sus relaciones con otros requisitos (matriz de trazabilidad cliente/casos de uso y casos de uso/casos de uso) 2. Cuenta con un identificador único
B18: 10 | C18: Complete | E18: OK | F18: 1. Contiene toda la información necesaria (entradas, salidas, precondiciones, postcondiciones) para entender y diseñar la función. 2. Describe completamente la funcionalidad esperada. | G18: OK | I18: 1. Contiene toda la información necesaria (entradas, salidas, precondiciones, postcondiciones) para entender y diseñar la función. 2. Describe completamente la funcionalidad esperada. | J18: OK | K18: 1. Contiene toda la información necesaria (entradas, salidas, precondiciones, postcondiciones) para entender y diseñar la función. 2. Describe completamente la funcionalidad esperada.
B19: 11 | C19: Understandability | E19: OK | F19: 1. Se involucra al cliente 2. Existe glosario de términos | G19: OK | I19: 1. Se involucra al cliente 2.Uso de términos respaldado por un glosario de términos | J19: OK | K19: 1. Se involucra al cliente 2.Uso de términos respaldado por un glosario de términos

Sheet MODELO LISTA DE COMPROBACION - 
B1: SISTEMA: | C1: Sistema Web “Sacha Amazonic Products”
B2: FECHA: | C2: 46296
B3: AUTOR: | C3: Nicolay Chillo, Gavilanez Kenny, Cristian Lisintuña
B4: REQUERIMIENTOS EVALUADOS : | C4: CUC-01: Buscar Producto
A6: CONTENIDO
A7: No. | B7: Pregunta | C7: SI | D7: NO
A8: 1 | B8: Todos los requerimientos relevantes se han documentado? | C8: x
A9: 2 | B9: Se han implementado las funciones requeridas? | D9: x
A10: 3 | B10: Existe algún mecanismo que permita seguir el impacto de dicho requerimiento a lo largo del resto de las actividades del ciclo productivo.? | D10: x
A11: 4 | B11: El origen de cada requerimento individual está claro ? | C11: x
A12: 5 | B12: Que tan facil es devolverse a los requerimientos? | C12: x
A13: 6 | B13: Los requerimientos reflejan las necesidades y deseos del cliente? | C13: x
A14: 7 | B14: No hay contradicciones entre los requerimientos? | C14: x
A15: 8 | B15: El requerimiento que se esta especificando contribuye a alcanzar un objetivo definido ? | C15: x
A16: 9 | B16: Existe un proceso acotado (en plazo y presupuesto) que permita determinar que el sistema construido satisface lo descrito en el propio requerimiento? | D16: x
A17: SUMATORIA: | C17: =COUNTA('MODELO LISTA DE COMPROBACION - '!$C$8:$C$16) -> 6 | D17: =COUNTA('MODELO LISTA DE COMPROBACION - '!$D$8:$D$16) -> 3
A18: PORCENTAJE : | C18: =C17/9 -> 0.66666667 | D18: =D17/9 -> 0.33333333
A20: DOCUMENTACIÓN
A21: No. | B21: Pregunta | C21: SI | D21: NO
A22: 1 | B22: Aplica un estandar para la documetación de requerimiento? | C22: x
A23: 2 | B23: Cumple con la estructura definida por el estandar? | C23: x
A24: 3 | B24: Utiliza un Glosario de términos normalizado? | C24: x
A25: 4 | B25: Los requerimientos Funcionales estan sujetos a una única interpretación? | C25: x
A26: 5 | B26: El modelo aplicado cumple con la sintaxis? | C26: x
A27: SUMATORIA: | C27: =COUNTA('MODELO LISTA DE COMPROBACION - '!$C$22:$C$26) -> 5 | D27: =COUNTA('MODELO LISTA DE COMPROBACION - '!$D$22:$D$26) -> 0
A28: PORCENTAJE : | C28: =C27/5 -> 1 | D28: =D27/5 -> 0
A30: NIVEL DE ACUERDO
A31: No. | B31: Pregunta | C31: SI | D31: NO
A32: 1 | B32: Todos los requerimientos han sido acordados con todos los interesados? | D32: x
A33: 2 | B33: Todos los requerimientos modificados han sido acordados por todos los implicados? | C33: x
A34: 3 | B34: Han sido resueltos todos los conflictos conocidos respectos de los requerimientos? | C34: x
A35: SUMATORIA: | C35: =COUNTA('MODELO LISTA DE COMPROBACION - '!$C$32:$C$34) -> 2 | D35: =COUNTA('MODELO LISTA DE COMPROBACION - '!$D$32:$D$34) -> 1
A36: PORCENTAJE : | C36: =C35/3 -> 0.66666667 | D36: =D35/3 -> 0.33333333
A40: RESUMEN
B41: CONTENIDO | C41: 67
B42: DOCUMENTACIÓN | C42: 100
B43: NIVEL DE ACUERDO | C43: 67

Sheet Hoja 1
B1: SISTEMA: | C1: Sistema De Gestión De Crianza De Conejos (Hoptolt)
B2: FECHA: | C2: 45777
B3: AUTOR: | C3: Nicolay Chillo, Gavilanez Kenny, Cristian Lisintuña
B4: REQUERIMIENTOS EVALUADOS : | C4: CUC-02: Visualizar Producto
A6: CONTENIDO
A7: No. | B7: Pregunta | C7: SI | D7: NO
A8: 1 | B8: Todos los requerimientos relevantes se han documentado? | C8: X
A9: 2 | B9: Se han implementado las funciones requeridas? | D9: x
A10: 3 | B10: Existe algún mecanismo que permita seguir el impacto de dicho requerimiento a lo largo del resto de las actividades del ciclo productivo.? | C10: X
A11: 4 | B11: El origen de cada requerimento individual está claro ? | C11: X
A12: 5 | B12: Que tan facil es devolverse a los requerimientos? | C12: X
A13: 6 | B13: Los requerimientos reflejan las necesidades y deseos del cliente? | C13: X
A14: 7 | B14: No hay contradicciones entre los requerimientos? | C14: x
A15: 8 | B15: El requerimiento que se esta especificando contribuye a alcanzar un objetivo definido ? | C15: X
A16: 9 | B16: Existe un proceso acotado (en plazo y presupuesto) que permita determinar que el sistema construido satisface lo descrito en el propio requerimiento? | D16: X
A17: SUMATORIA: | C17: =COUNTA('Hoja 1'!$C$8:$C$16) -> 7 | D17: =COUNTA('Hoja 1'!$D$8:$D$16) -> 2
A18: PORCENTAJE : | C18: =C17/9 -> 0.77777778 | D18: =D17/9 -> 0.22222222
A20: DOCUMENTACIÓN
A21: No. | B21: Pregunta | C21: SI | D21: NO
A22: 1 | B22: Aplica un estandar para la documetación de requerimiento? | C22: X
A23: 2 | B23: Cumple con la estructura definida por el estandar? | C23: X
A24: 3 | B24: Utiliza un Glosario de términos normalizado? | C24: X
A25: 4 | B25: Los requerimientos Funcionales estan sujetos a una única interpretación? | C25: X
A26: 5 | B26: El modelo aplicado cumple con la sintaxis? | C26: X
A27: SUMATORIA: | C27: =COUNTA('Hoja 1'!$C$22:$C$26) -> 5 | D27: =COUNTA('Hoja 1'!$D$22:$D$26) -> 0
A28: PORCENTAJE : | C28: =C27/5 -> 1 | D28: =D27/5 -> 0
A30: NIVEL DE ACUERDO
A31: No. | B31: Pregunta | C31: SI | D31: NO
A32: 1 | B32: Todos los requerimientos han sido acordados con todos los interesados? | C32: x
A33: 2 | B33: Todos los requerimientos modificados han sido acordados por todos los implicados? | C33: X
A34: 3 | B34: Han sido resueltos todos los conflictos conocidos respectos de los requerimientos? | C34: X
A35: SUMATORIA: | C35: =COUNTA('Hoja 1'!$C$32:$C$34) -> 3 | D35: =COUNTA('Hoja 1'!$D$32:$D$34) -> 0
A36: PORCENTAJE : | C36: =C35/3 -> 1 | D36: =D35/3 -> 0
A40: RESUMEN
B41: CONTENIDO | C41: 78
B42: DOCUMENTACIÓN | C42: 100
B43: NIVEL DE ACUERDO | C43: 100

Sheet Hoja 2
B1: SISTEMA: | C1: Sistema Web “Sacha Amazonic Products”
B2: FECHA: | C2: 46296
B3: AUTOR: | C3: Nicolay Chillo, Gavilanez Kenny, Cristian Lisintuña
B4: REQUERIMIENTOS EVALUADOS : | C4: CUC-03: Registrarse
A6: CONTENIDO
A7: No. | B7: Pregunta | C7: SI | D7: NO
A8: 1 | B8: Todos los requerimientos relevantes se han documentado? | C8: X
A9: 2 | B9: Se han implementado las funciones requeridas? | D9: x
A10: 3 | B10: Existe algún mecanismo que permita seguir el impacto de dicho requerimiento a lo largo del resto de las actividades del ciclo productivo.? | C10: X
A11: 4 | B11: El origen de cada requerimento individual está claro ? | C11: X
A12: 5 | B12: Que tan facil es devolverse a los requerimientos? | C12: X
A13: 6 | B13: Los requerimientos reflejan las necesidades y deseos del cliente? | C13: X
A14: 7 | B14: No hay contradicciones entre los requerimientos? | C14: X
A15: 8 | B15: El requerimiento que se esta especificando contribuye a alcanzar un objetivo definido ? | C15: X
A16: 9 | B16: Existe un proceso acotado (en plazo y presupuesto) que permita determinar que el sistema construido satisface lo descrito en el propio requerimiento? | D16: X
A17: SUMATORIA: | C17: =COUNTA('Hoja 2'!$C$8:$C$16) -> 7 | D17: =COUNTA('Hoja 2'!$D$8:$D$16) -> 2
A18: PORCENTAJE : | C18: =C17/9 -> 0.77777778 | D18: =D17/9 -> 0.22222222
A20: DOCUMENTACIÓN
A21: No. | B21: Pregunta | C21: SI | D21: NO
A22: 1 | B22: Aplica un estandar para la documetación de requerimiento? | C22: X
A23: 2 | B23: Cumple con la estructura definida por el estandar? | C23: X
A24: 3 | B24: Utiliza un Glosario de términos normalizado? | C24: X
A25: 4 | B25: Los requerimientos Funcionales estan sujetos a una única interpretación? | C25: X
A26: 5 | B26: El modelo aplicado cumple con la sintaxis? | C26: X
A27: SUMATORIA: | C27: =COUNTA('Hoja 2'!$C$22:$C$26) -> 5 | D27: =COUNTA('Hoja 2'!$D$22:$D$26) -> 0
A28: PORCENTAJE : | C28: =C27/5 -> 1 | D28: =D27/5 -> 0
A30: NIVEL DE ACUERDO
A31: No. | B31: Pregunta | C31: SI | D31: NO
A32: 1 | B32: Todos los requerimientos han sido acordados con todos los interesados? | C32: X
A33: 2 | B33: Todos los requerimientos modificados han sido acordados por todos los implicados? | C33: X
A34: 3 | B34: Han sido resueltos todos los conflictos conocidos respectos de los requerimientos? | C34: X
A35: SUMATORIA: | C35: =COUNTA('Hoja 2'!$C$32:$C$34) -> 3 | D35: =COUNTA('Hoja 2'!$D$32:$D$34) -> 0
A36: PORCENTAJE : | C36: =C35/3 -> 1 | D36: =D35/3 -> 0
A40: RESUMEN
B41: CONTENIDO | C41: 67
B42: DOCUMENTACIÓN | C42: 100
B43: NIVEL DE ACUERDO | C43: 100

Sheet RECOMENDACIONES - CUC-01
A1: PREGUNTA | B1: RECOMENDACIÓN
A2: ¿Se han validado y aprobado formalmente todos los entregables de la entrevista (videoconferencia, minuta, acta de aceptación)? | B2: Organizar una reunion corta con el cliente con el fin de repasar los puntos y validar los mismos. Y respaldar los acuerdos con una firma o una aceptación, ya sea de manera eletronica o física donde se evidencia que se realizo y se llego a un acuerdo.
A3: ¿Se han definido la prioridad en los casos de uso? | B3: Realizar una lista de tareas en donde se pueda realizar la prioridad de cada caso de uso con el fin de ayudar a entender cual debe realizarse primero.
A4: ¿Se ha diseñado el diagrama de Casos de Uso ? | B4: Diseñador los Casos de Uso aunque sea de manera básica con el fin de ilustrar de manera gráfica como interactuara el usuario con el sistema.
A5: ¿Se han definido criterios de aceptación y casos de prueba que permitan medir objetivamente el cumplimiento del requisito? | B5: Diseñar una lista de comprobación para los diversos flujos que puede realizar el sistema con ayuda de casos de prueba fundamentales para corroborar el correcto funcionamiento.
A6: ¿Se ha tomado en cuenta las funcionalidades dentro de la estimación del costo del proyecto? | B6: Revisar que el presupuesto cubra con los tiempos establecidos. Además, realizar una tabla en donde se detalle como se distribuira dicho presupuesto.

Sheet RECOMENDACIONES - CUC-02
A1: PREGUNTA | B1: RECOMENDACIÓN
A2: ¿Se han validado y aprobado formalmente todos los entregables de la entrevista (videoconferencia, minuta, acta de aceptación)? | B2: Establecer actas de reunión oficial tras cada sesión de descubrimiento, de modo que quede constancia inequívoca de la aprobación de alcance y contenido por parte de tutor, cliente y equipo.
A3: ¿Se han definido la prioridad en los casos de uso? | B3: Establecer en los Casos de Uso la prioridad del requisito funcional
A4: ¿Se ha diseñado el diagrama de Casos de Uso ? | B4: Establecer el diagrama de casos de uso para establecer la activad de cada rol
A5: ¿Se han definido criterios de aceptación y casos de prueba que permitan medir objetivamente el cumplimiento del requisito? | B5: Elaborar una lista de Criterios de Aceptación en formato Given-When-Then, asociada a pruebas unitarias o de aceptación automatizadas, de modo que cada criterio quede cubierto por al menos un caso de prueba.
A6: ¿Se ha tomado en cuenta las funcionalidades dentro de la estimación del costo del proyecto? | B6: Implementar un modelo de estimación progresiva por caso de uso, ya que a medida que el análisis de cada caso de uso se complete, se debe devivar su esfuerzo técnico en horas y su costo asociado.

Sheet RECOMENDACIONES - CUC-03
A1: PREGUNTA | B1: RECOMENDACIÓN
A2: ¿Se han validado y aprobado formalmente todos los entregables de la entrevista (videoconferencia, minuta, acta de aceptación)? | B2: Agendar una breve reunión de validación con el cliente o enviar el acta de aceptación formal junto con el prototipo no funcional para su firma y conformidad.
A3: ¿Se han definido la prioridad en los casos de uso? | B3: Implementar una técnica de priorización formal(ejemplo: Escala del 1 al 5) e incluir un atributo formal de "Priorida" en el encabezado de las fichas de especificación de cada caso de uso
A4: ¿Se ha diseñado el diagrama de Casos de Uso ? | B4: Elaborara y/o actualizar el diagrama UML de casos de uso asegurando la correcta representación de actores, relaciones y límites del sistema.
A5: ¿Se han definido criterios de aceptación y casos de prueba que permitan medir objetivamente el cumplimiento del requisito? | B5: Diseñar e integrar una matriz de casos de prueba para cada caso de uso, definiendo escenarios de éxito, alterinativos y criterios de aceptación necesarios para su validación.
A6: ¿Se ha tomado en cuenta las funcionalidades dentro de la estimación del costo del proyecto? | B6: Construir una matriz de estimación de esfuerzo y costos desglosada para cada caso de uso.
